{
  "project_info": {
    "project_number": "325202218608",
    "firebase_url": "https://quickid-b2a74.firebaseio.com",
    "project_id": "quickid-b2a74",
    "storage_bucket": "quickid-b2a74.appspot.com"
  },
  "client": [
    {
      "client_info": {
        "mobilesdk_app_id": "1:325202218608:android:3cd15787c59c67feffeeb5",
        "android_client_info": {
          "package_name": "com.grade.QuickID"
        }
      },
      "oauth_client": [
        {
          "client_id": "325202218608-38qou9r13aata0hilauuuh0eb75l9s72.apps.googleusercontent.com",
          "client_type": 3
        }
      ],
      "api_key": [
        {
          "current_key": "AIzaSyAmCdBGk1BjofC0_XXVPnIPzcnB3UCYuxQ"
        }
      ],
      "services": {
        "appinvite_service": {
          "other_platform_oauth_client": [
            {
              "client_id": "325202218608-38qou9r13aata0hilauuuh0eb75l9s72.apps.googleusercontent.com",
              "client_type": 3
            }
          ]
        }
      }
    }
  ],
  "configuration_version": "1"
}